order_id,order_date,region,category,product,quantity,unit_price,discount_pct,revenue
ORD-2025-0052,2025-01-01,West,Books,Comic,4,1632,0,6528
ORD-2025-0271,2025-01-02,West,Home,Bedding,6,9756,5,55609
ORD-2025-0766,2025-01-03,South,Sports,Yoga Mat,3,13536,0,40608
ORD-2025-0227,2025-01-03,West,Apparel,T-Shirt,5,2513,10,11308
ORD-2025-0205,2025-01-04,West,Home,Lamp,2,1355,5,2574
ORD-2025-0485,2025-01-04,South,Sports,Bicycle,4,6521,0,26084
ORD-2025-0176,2025-01-04,South,Apparel,T-Shirt,6,2994,5,17066
ORD-2025-0451,2025-01-05,North,Electronics,Smartwatch,1,30733,5,29196
ORD-2025-0768,2025-01-05,South,Home,Lamp,10,3203,10,28827
ORD-2025-0620,2025-01-06,East,Sports,Yoga Mat,1,2804,10,2524
ORD-2025-0292,2025-01-07,East,Books,Textbook,7,744,15,4427
ORD-2025-0239,2025-01-07,North,Sports,Tent,2,6246,0,12492
ORD-2025-0683,2025-01-10,South,Apparel,Jeans,1,4497,0,4497
ORD-2025-0723,2025-01-10,South,Apparel,T-Shirt,7,2864,0,20048
ORD-2025-0281,2025-01-11,North,Books,Comic,2,1204,10,2167
ORD-2025-0085,2025-01-11,South,Apparel,Sneakers,1,3508,0,3508
ORD-2025-0650,2025-01-12,East,Home,Cookware Set,5,4975,20,19900
ORD-2025-0741,2025-01-12,South,Apparel,Jacket,1,2466,5,2343
ORD-2025-0643,2025-01-13,South,Apparel,T-Shirt,6,6343,10,34252
ORD-2025-0535,2025-01-13,West,Home,Cookware Set,8,2628,0,21024
ORD-2025-0795,2025-01-14,East,Apparel,Jacket,9,3696,10,29938
ORD-2025-0125,2025-01-15,North,Apparel,Sneakers,2,2870,10,5166
ORD-2025-0069,2025-01-15,North,Electronics,Smartwatch,3,5972,0,17916
ORD-2025-0429,2025-01-15,East,Sports,Yoga Mat,2,2431,10,4376
ORD-2025-0018,2025-01-15,South,Apparel,Sneakers,5,2382,10,10719
ORD-2025-0735,2025-01-16,East,Electronics,Smartwatch,8,23029,5,175020
ORD-2025-0519,2025-01-16,West,Books,Cookbook,3,1021,10,2757
ORD-2025-0590,2025-01-17,South,Home,Bedding,8,7261,5,55184
ORD-2025-0273,2025-01-17,West,Books,Comic,10,1205,5,11448
ORD-2025-0647,2025-01-17,East,Books,Cookbook,2,2320,10,4176
ORD-2025-0635,2025-01-17,North,Electronics,Smartwatch,9,22121,0,199089
ORD-2025-0164,2025-01-17,South,Sports,Dumbbell,3,4878,5,13902
ORD-2025-0028,2025-01-17,South,Home,Bedding,2,5177,0,10354
ORD-2025-0424,2025-01-17,West,Apparel,Jeans,10,3081,5,29270
ORD-2025-0759,2025-01-18,East,Electronics,Smartwatch,7,11668,0,81676
ORD-2025-0422,2025-01-19,West,Home,Lamp,6,5271,0,31626
ORD-2025-0595,2025-01-19,West,Sports,Dumbbell,1,5640,0,5640
ORD-2025-0287,2025-01-19,North,Home,Bedding,2,3434,15,5838
ORD-2025-0423,2025-01-19,North,Home,Vacuum,10,7311,15,62144
ORD-2025-0415,2025-01-19,North,Books,Cookbook,7,1415,0,9905
ORD-2025-0555,2025-01-20,South,Electronics,Headphones,4,8907,5,33847
ORD-2025-0775,2025-01-20,West,Electronics,Smartwatch,7,7733,0,54131
ORD-2025-0150,2025-01-21,North,Books,Textbook,10,1560,15,13260
ORD-2025-0744,2025-01-21,East,Sports,Yoga Mat,9,6001,10,48608
ORD-2025-0075,2025-01-21,North,Home,Bedding,3,7203,0,21609
ORD-2025-0449,2025-01-22,South,Sports,Dumbbell,2,4122,0,8244
ORD-2025-0270,2025-01-22,West,Sports,Yoga Mat,4,6387,0,25548
ORD-2025-0395,2025-01-22,North,Home,Bedding,8,6593,5,50107
ORD-2025-0136,2025-01-23,West,Home,Bedding,1,5251,0,5251
ORD-2025-0726,2025-01-24,West,Apparel,Sneakers,8,4613,10,33214
ORD-2025-0568,2025-01-24,North,Books,Textbook,8,1591,0,12728
ORD-2025-0732,2025-01-25,South,Electronics,Camera,4,11543,5,43863
ORD-2025-0513,2025-01-26,South,Sports,Yoga Mat,5,5890,5,27978
ORD-2025-0763,2025-01-27,North,Books,Novel,1,1942,5,1845
ORD-2025-0797,2025-01-27,North,Electronics,Camera,3,67230,0,201690
ORD-2025-0633,2025-01-27,East,Sports,Bicycle,8,8861,5,67344
ORD-2025-0435,2025-01-28,South,Sports,Tent,5,6017,10,27076
ORD-2025-0269,2025-02-01,North,Apparel,Jacket,3,3165,0,9495
ORD-2025-0188,2025-02-03,South,Books,Textbook,3,1015,15,2588
ORD-2025-0209,2025-02-03,East,Books,Novel,3,1608,5,4583
ORD-2025-0363,2025-02-04,South,Apparel,T-Shirt,5,7217,0,36085
ORD-2025-0005,2025-02-04,South,Home,Lamp,3,3884,5,11069
ORD-2025-0769,2025-02-05,West,Apparel,Jacket,8,3776,5,28698
ORD-2025-0413,2025-02-05,North,Books,Novel,9,2649,5,22649
ORD-2025-0728,2025-02-05,West,Electronics,Smartwatch,10,14074,5,133703
ORD-2025-0098,2025-02-05,West,Sports,Bicycle,2,11752,15,19978
ORD-2025-0389,2025-02-06,North,Books,Cookbook,7,1271,5,8452
ORD-2025-0140,2025-02-06,South,Sports,Yoga Mat,4,10411,20,33315
ORD-2025-0794,2025-02-07,North,Home,Cookware Set,2,8374,0,16748
ORD-2025-0109,2025-02-07,South,Electronics,Smartwatch,6,15235,10,82269
ORD-2025-0060,2025-02-08,North,Apparel,T-Shirt,10,1717,10,15453
ORD-2025-0511,2025-02-08,North,Home,Lamp,9,4144,5,35431
ORD-2025-0218,2025-02-08,North,Sports,Yoga Mat,3,2014,10,5438
ORD-2025-0733,2025-02-08,West,Books,Comic,2,1197,0,2394
ORD-2025-0510,2025-02-08,South,Sports,Bicycle,5,5232,10,23544
ORD-2025-0619,2025-02-09,East,Books,Cookbook,5,683,5,3244
ORD-2025-0193,2025-02-10,East,Books,Novel,9,882,0,7938
ORD-2025-0350,2025-02-10,West,Books,Comic,10,1354,20,10832
ORD-2025-0099,2025-02-11,North,Apparel,Sneakers,10,1501,5,14260
ORD-2025-0337,2025-02-11,East,Electronics,Smartwatch,2,24294,15,41300
ORD-2025-0161,2025-02-11,East,Sports,Tent,5,5922,10,26649
ORD-2025-0742,2025-02-12,South,Home,Vacuum,4,3178,5,12076
ORD-2025-0473,2025-02-12,West,Apparel,Sneakers,2,2038,0,4076
ORD-2025-0290,2025-02-13,West,Books,Comic,4,1637,5,6221
ORD-2025-0129,2025-02-13,North,Home,Vacuum,9,2776,0,24984
ORD-2025-0404,2025-02-13,North,Books,Comic,7,714,10,4498
ORD-2025-0718,2025-02-13,East,Sports,Bicycle,1,6641,5,6309
ORD-2025-0392,2025-02-13,North,Home,Bedding,7,6046,15,35974
ORD-2025-0259,2025-02-15,East,Sports,Bicycle,9,4939,0,44451
ORD-2025-0664,2025-02-15,North,Books,Novel,4,1349,15,4587
ORD-2025-0086,2025-02-15,South,Apparel,Sneakers,5,3480,0,17400
ORD-2025-0240,2025-02-16,West,Sports,Bicycle,4,10769,5,40922
ORD-2025-0258,2025-02-17,South,Electronics,Laptop,4,22516,0,90064
ORD-2025-0437,2025-02-17,West,Apparel,Jacket,6,2004,20,9619
ORD-2025-0583,2025-02-17,West,Electronics,Headphones,2,17145,5,32576
ORD-2025-0155,2025-02-18,West,Sports,Bicycle,9,5479,5,46845
ORD-2025-0123,2025-02-19,North,Books,Comic,1,1727,5,1641
ORD-2025-0294,2025-02-20,South,Books,Novel,7,1469,0,10283
ORD-2025-0725,2025-02-21,South,Books,Cookbook,6,1491,15,7604
ORD-2025-0455,2025-02-21,East,Books,Textbook,3,1342,0,4026
ORD-2025-0525,2025-02-21,South,Electronics,Camera,10,12072,0,120720
ORD-2025-0681,2025-02-22,South,Sports,Yoga Mat,7,3863,10,24337
ORD-2025-0636,2025-02-23,West,Books,Cookbook,2,1132,0,2264
ORD-2025-0561,2025-02-23,West,Electronics,Camera,10,11066,0,110660
ORD-2025-0409,2025-02-23,West,Books,Textbook,4,1882,15,6399
ORD-2025-0364,2025-02-23,North,Books,Cookbook,6,1291,0,7746
ORD-2025-0608,2025-02-24,South,Electronics,Laptop,6,12459,5,71016
ORD-2025-0339,2025-02-27,South,Apparel,Jeans,9,1385,0,12465
ORD-2025-0548,2025-02-27,South,Sports,Tent,2,8208,5,15595
ORD-2025-0628,2025-02-27,East,Apparel,Jeans,8,2543,0,20344
ORD-2025-0230,2025-02-28,North,Home,Cookware Set,4,3056,0,12224
ORD-2025-0362,2025-02-28,South,Electronics,Laptop,9,10087,5,86244
ORD-2025-0538,2025-03-01,East,Apparel,Jacket,5,3120,5,14820
ORD-2025-0207,2025-03-01,East,Home,Vacuum,6,4034,0,24204
ORD-2025-0663,2025-03-01,South,Home,Lamp,3,8371,0,25113
ORD-2025-0716,2025-03-01,South,Electronics,Camera,8,5312,0,42496
ORD-2025-0376,2025-03-02,South,Books,Cookbook,6,1390,0,8340
ORD-2025-0778,2025-03-04,South,Sports,Yoga Mat,3,12185,0,36555
ORD-2025-0764,2025-03-04,South,Home,Lamp,6,3189,10,17221
ORD-2025-0335,2025-03-05,South,Electronics,Camera,6,9762,5,55643
ORD-2025-0341,2025-03-05,North,Books,Textbook,4,1279,0,5116
ORD-2025-0037,2025-03-05,East,Home,Lamp,8,2363,0,18904
ORD-2025-0272,2025-03-06,West,Books,Textbook,6,2145,5,12226
ORD-2025-0196,2025-03-06,North,Books,Textbook,1,833,0,833
ORD-2025-0051,2025-03-06,West,Home,Bedding,3,3475,5,9904
ORD-2025-0516,2025-03-06,South,Home,Cookware Set,10,8476,5,80522
ORD-2025-0217,2025-03-07,West,Books,Novel,6,1137,0,6822
ORD-2025-0009,2025-03-07,South,Apparel,Sneakers,8,2509,0,20072
ORD-2025-0282,2025-03-08,North,Home,Cookware Set,4,1313,10,4727
ORD-2025-0204,2025-03-08,East,Sports,Tent,8,9342,10,67262
ORD-2025-0671,2025-03-09,South,Electronics,Headphones,10,12531,0,125310
ORD-2025-0587,2025-03-09,East,Electronics,Smartwatch,5,38648,0,193240
ORD-2025-0798,2025-03-09,West,Sports,Yoga Mat,10,4848,0,48480
ORD-2025-0474,2025-03-10,North,Electronics,Laptop,10,13494,0,134940
ORD-2025-0767,2025-03-10,East,Books,Comic,5,1995,0,9975
ORD-2025-0552,2025-03-10,East,Books,Cookbook,8,1178,20,7539
ORD-2025-0469,2025-03-10,West,Apparel,Sneakers,7,3181,0,22267
ORD-2025-0231,2025-03-10,West,Home,Cookware Set,4,3816,0,15264
ORD-2025-0545,2025-03-11,West,Home,Cookware Set,6,3391,0,20346
ORD-2025-0264,2025-03-11,South,Electronics,Headphones,1,31289,20,25031
ORD-2025-0029,2025-03-11,West,Books,Cookbook,1,1142,15,971
ORD-2025-0679,2025-03-11,North,Electronics,Headphones,6,14975,5,85358
ORD-2025-0456,2025-03-11,North,Apparel,Sneakers,4,4704,5,17875
ORD-2025-0417,2025-03-12,East,Electronics,Camera,5,9819,10,44186
ORD-2025-0266,2025-03-12,East,Books,Cookbook,4,1614,20,5165
ORD-2025-0589,2025-03-13,West,Sports,Tent,9,3437,0,30933
ORD-2025-0199,2025-03-14,West,Electronics,Smartwatch,4,14154,10,50954
ORD-2025-0195,2025-03-14,South,Home,Lamp,1,3261,0,3261
ORD-2025-0302,2025-03-15,West,Books,Comic,1,817,0,817
ORD-2025-0539,2025-03-16,West,Books,Comic,3,935,0,2805
ORD-2025-0036,2025-03-16,East,Apparel,Jacket,4,4796,0,19184
ORD-2025-0128,2025-03-16,West,Home,Cookware Set,2,3103,0,6206
ORD-2025-0703,2025-03-16,North,Apparel,Sneakers,3,4913,0,14739
ORD-2025-0462,2025-03-16,West,Apparel,T-Shirt,6,2878,10,15541
ORD-2025-0375,2025-03-16,East,Sports,Dumbbell,9,8123,0,73107
ORD-2025-0523,2025-03-17,North,Books,Novel,1,2249,0,2249
ORD-2025-0352,2025-03-18,North,Apparel,T-Shirt,1,4043,5,3841
ORD-2025-0153,2025-03-18,North,Electronics,Camera,10,5818,10,52362
ORD-2025-0213,2025-03-19,North,Home,Bedding,1,6098,5,5793
ORD-2025-0115,2025-03-19,North,Apparel,Sneakers,2,3220,20,5152
ORD-2025-0419,2025-03-21,North,Apparel,T-Shirt,8,5161,10,37159
ORD-2025-0444,2025-03-21,South,Apparel,Sneakers,1,2972,0,2972
ORD-2025-0261,2025-03-21,South,Apparel,T-Shirt,6,4124,15,21032
ORD-2025-0131,2025-03-22,West,Books,Novel,1,1392,5,1322
ORD-2025-0091,2025-03-22,South,Apparel,Jeans,5,3594,10,16173
ORD-2025-0762,2025-03-22,West,Sports,Bicycle,2,5867,0,11734
ORD-2025-0175,2025-03-22,West,Books,Textbook,5,1345,5,6389
ORD-2025-0268,2025-03-22,West,Home,Bedding,5,2459,15,10451
ORD-2025-0084,2025-03-23,South,Electronics,Headphones,1,5024,0,5024
ORD-2025-0059,2025-03-24,South,Apparel,Sneakers,2,2197,0,4394
ORD-2025-0050,2025-03-24,North,Home,Bedding,6,3502,0,21012
ORD-2025-0553,2025-03-24,West,Sports,Tent,8,7172,0,57376
ORD-2025-0442,2025-03-25,East,Sports,Tent,2,4464,0,8928
ORD-2025-0454,2025-03-27,North,Apparel,Sneakers,8,2009,0,16072
ORD-2025-0310,2025-03-27,West,Home,Lamp,5,3242,5,15400
ORD-2025-0089,2025-03-27,East,Electronics,Headphones,1,14078,10,12670
ORD-2025-0026,2025-03-28,East,Books,Comic,1,1789,0,1789
ORD-2025-0313,2025-04-01,West,Electronics,Headphones,7,32047,0,224329
ORD-2025-0661,2025-04-01,North,Apparel,Jacket,7,2539,0,17773
ORD-2025-0163,2025-04-01,East,Electronics,Camera,5,14869,0,74345
ORD-2025-0309,2025-04-02,East,Electronics,Headphones,8,10173,15,69176
ORD-2025-0206,2025-04-02,West,Home,Bedding,9,3004,0,27036
ORD-2025-0771,2025-04-02,East,Apparel,Sneakers,6,4074,10,22000
ORD-2025-0255,2025-04-03,West,Sports,Yoga Mat,9,5667,0,51003
ORD-2025-0482,2025-04-03,North,Electronics,Laptop,8,20859,5,158528
ORD-2025-0644,2025-04-04,East,Home,Lamp,9,4445,5,38005
ORD-2025-0283,2025-04-05,South,Books,Novel,3,1086,5,3095
ORD-2025-0016,2025-04-05,South,Home,Cookware Set,7,9775,10,61582
ORD-2025-0254,2025-04-05,South,Home,Cookware Set,6,4373,20,20990
ORD-2025-0039,2025-04-06,West,Sports,Dumbbell,7,5404,0,37828
ORD-2025-0781,2025-04-06,North,Apparel,Sneakers,4,2804,10,10094
ORD-2025-0562,2025-04-07,South,Apparel,Sneakers,6,2490,5,14193
ORD-2025-0693,2025-04-07,East,Apparel,T-Shirt,1,2493,10,2244
ORD-2025-0445,2025-04-08,South,Sports,Yoga Mat,9,3694,10,29921
ORD-2025-0701,2025-04-08,South,Apparel,T-Shirt,10,7573,5,71944
ORD-2025-0416,2025-04-09,North,Apparel,Sneakers,10,2895,0,28950
ORD-2025-0682,2025-04-10,West,Home,Bedding,6,12280,20,58944
ORD-2025-0727,2025-04-10,West,Apparel,Jacket,4,3152,15,10717
ORD-2025-0173,2025-04-11,East,Home,Lamp,3,8483,0,25449
ORD-2025-0756,2025-04-11,West,Sports,Tent,10,9173,10,82557
ORD-2025-0737,2025-04-13,East,Apparel,Jacket,4,2051,0,8204
ORD-2025-0791,2025-04-13,North,Books,Comic,5,1360,0,6800
ORD-2025-0332,2025-04-14,East,Electronics,Laptop,6,21687,15,110604
ORD-2025-0112,2025-04-14,West,Apparel,Jeans,5,3722,5,17680
ORD-2025-0556,2025-04-14,West,Home,Vacuum,4,9436,5,35857
ORD-2025-0654,2025-04-15,South,Home,Vacuum,10,5107,0,51070
ORD-2025-0751,2025-04-16,East,Home,Vacuum,6,2027,0,12162
ORD-2025-0427,2025-04-18,South,Books,Novel,8,2560,0,20480
ORD-2025-0488,2025-04-19,North,Sports,Tent,8,6816,15,46349
ORD-2025-0103,2025-04-20,West,Books,Comic,2,978,0,1956
ORD-2025-0536,2025-04-20,North,Home,Bedding,3,5409,15,13793
ORD-2025-0753,2025-04-21,North,Books,Novel,8,1036,0,8288
ORD-2025-0074,2025-04-22,North,Apparel,Jacket,4,2634,10,9482
ORD-2025-0190,2025-04-22,South,Books,Novel,1,1304,5,1239
ORD-2025-0071,2025-04-22,West,Electronics,Headphones,1,7162,5,6804
ORD-2025-0243,2025-04-23,North,Apparel,Jeans,4,3505,0,14020
ORD-2025-0284,2025-04-24,West,Home,Cookware Set,6,4543,0,27258
ORD-2025-0436,2025-04-24,East,Apparel,Sneakers,1,4777,0,4777
ORD-2025-0192,2025-04-25,South,Apparel,Jacket,8,4874,5,37042
ORD-2025-0372,2025-04-26,North,Sports,Tent,6,8541,0,51246
ORD-2025-0348,2025-04-26,West,Sports,Bicycle,8,6399,0,51192
ORD-2025-0108,2025-04-26,East,Electronics,Headphones,8,18858,10,135778
ORD-2025-0146,2025-04-28,South,Books,Textbook,5,969,5,4603
ORD-2025-0022,2025-05-01,West,Home,Cookware Set,2,3030,10,5454
ORD-2025-0571,2025-05-01,East,Apparel,Jeans,8,2013,10,14494
ORD-2025-0731,2025-05-02,South,Books,Textbook,10,1026,0,10260
ORD-2025-0169,2025-05-02,South,Apparel,Sneakers,4,2484,5,9439
ORD-2025-0665,2025-05-03,East,Books,Textbook,2,1287,0,2574
ORD-2025-0033,2025-05-03,North,Books,Cookbook,3,879,0,2637
ORD-2025-0267,2025-05-04,North,Apparel,T-Shirt,3,3226,10,8710
ORD-2025-0669,2025-05-04,North,Home,Bedding,1,2478,5,2354
ORD-2025-0615,2025-05-04,South,Home,Lamp,4,5920,0,23680
ORD-2025-0702,2025-05-05,North,Sports,Yoga Mat,2,8182,5,15546
ORD-2025-0077,2025-05-05,East,Electronics,Laptop,2,13386,0,26772
ORD-2025-0095,2025-05-05,South,Electronics,Laptop,4,21858,10,78689
ORD-2025-0494,2025-05-06,West,Home,Vacuum,4,8463,10,30467
ORD-2025-0277,2025-05-07,West,Apparel,Jeans,2,2094,0,4188
ORD-2025-0588,2025-05-08,West,Electronics,Smartwatch,10,6424,0,64240
ORD-2025-0221,2025-05-09,West,Apparel,Sneakers,5,3581,5,17010
ORD-2025-0530,2025-05-09,East,Books,Novel,8,1044,0,8352
ORD-2025-0593,2025-05-09,North,Home,Cookware Set,9,5867,0,52803
ORD-2025-0747,2025-05-10,East,Electronics,Laptop,3,16785,5,47837
ORD-2025-0374,2025-05-10,East,Home,Vacuum,3,10440,0,31320
ORD-2025-0171,2025-05-10,West,Sports,Dumbbell,10,4372,0,43720
ORD-2025-0157,2025-05-10,West,Electronics,Smartwatch,2,40355,0,80710
ORD-2025-0691,2025-05-12,South,Apparel,Sneakers,8,2757,10,19850
ORD-2025-0757,2025-05-12,West,Apparel,Sneakers,3,1913,0,5739
ORD-2025-0476,2025-05-12,East,Apparel,Jeans,1,2253,5,2140
ORD-2025-0319,2025-05-13,East,Books,Comic,1,1823,0,1823
ORD-2025-0580,2025-05-13,South,Apparel,Jacket,10,1661,0,16610
ORD-2025-0407,2025-05-13,South,Home,Bedding,4,4551,5,17294
ORD-2025-0557,2025-05-13,North,Books,Comic,5,1557,20,6228
ORD-2025-0316,2025-05-15,South,Sports,Yoga Mat,5,15575,0,77875
ORD-2025-0200,2025-05-15,South,Books,Comic,1,1640,10,1476
ORD-2025-0044,2025-05-17,North,Apparel,Sneakers,10,2999,0,29990
ORD-2025-0793,2025-05-18,East,Electronics,Laptop,4,8413,0,33652
ORD-2025-0484,2025-05-19,North,Apparel,Sneakers,1,3619,15,3076
ORD-2025-0796,2025-05-19,North,Home,Lamp,4,11921,5,45300
ORD-2025-0068,2025-05-19,East,Books,Cookbook,1,1595,5,1515
ORD-2025-0048,2025-05-19,East,Electronics,Smartwatch,2,19586,0,39172
ORD-2025-0658,2025-05-19,North,Electronics,Smartwatch,9,25039,0,225351
ORD-2025-0656,2025-05-20,South,Books,Textbook,2,1071,0,2142
ORD-2025-0475,2025-05-20,South,Books,Comic,1,990,0,990
ORD-2025-0694,2025-05-21,North,Home,Lamp,5,4941,0,24705
ORD-2025-0464,2025-05-21,East,Sports,Bicycle,1,11198,5,10638
ORD-2025-0515,2025-05-21,South,Books,Comic,2,1412,0,2824
ORD-2025-0507,2025-05-22,East,Electronics,Smartwatch,4,17174,5,65261
ORD-2025-0752,2025-05-22,North,Home,Lamp,9,6538,5,55900
ORD-2025-0225,2025-05-22,West,Books,Cookbook,1,1531,5,1454
ORD-2025-0596,2025-05-23,East,Home,Bedding,6,4089,5,23307
ORD-2025-0738,2025-05-23,South,Apparel,Jacket,3,2077,5,5919
ORD-2025-0369,2025-05-24,South,Books,Comic,9,1930,20,13896
ORD-2025-0686,2025-05-24,South,Apparel,Sneakers,2,3126,5,5939
ORD-2025-0323,2025-05-24,North,Sports,Tent,5,2350,5,11162
ORD-2025-0263,2025-05-24,North,Sports,Bicycle,9,3843,5,32858
ORD-2025-0134,2025-05-25,North,Sports,Tent,5,3172,5,15067
ORD-2025-0113,2025-05-25,West,Sports,Tent,5,3624,5,17214
ORD-2025-0401,2025-05-25,West,Apparel,Sneakers,5,2506,0,12530
ORD-2025-0514,2025-05-26,North,Home,Vacuum,10,7478,5,71041
ORD-2025-0705,2025-05-26,East,Sports,Tent,9,2505,5,21418
ORD-2025-0700,2025-05-26,South,Sports,Dumbbell,8,3703,10,26662
ORD-2025-0127,2025-05-27,South,Electronics,Smartwatch,2,17982,15,30569
ORD-2025-0517,2025-05-27,East,Home,Vacuum,3,4865,15,12406
ORD-2025-0330,2025-05-27,South,Electronics,Laptop,7,54275,0,379925
ORD-2025-0184,2025-05-27,East,Sports,Tent,6,16203,0,97218
ORD-2025-0147,2025-05-28,West,Books,Cookbook,3,930,0,2790
ORD-2025-0788,2025-05-28,South,Electronics,Smartwatch,7,18150,15,107992
ORD-2025-0398,2025-05-28,East,Apparel,Jacket,9,6689,0,60201
ORD-2025-0076,2025-05-28,South,Sports,Yoga Mat,6,5345,0,32070
ORD-2025-0618,2025-05-28,North,Sports,Dumbbell,5,2106,5,10004
ORD-2025-0722,2025-06-01,West,Books,Comic,8,1041,5,7912
ORD-2025-0082,2025-06-01,West,Books,Novel,7,911,5,6058
ORD-2025-0379,2025-06-02,South,Sports,Dumbbell,8,2308,0,18464
ORD-2025-0015,2025-06-02,South,Apparel,Jeans,3,3252,0,9756
ORD-2025-0739,2025-06-02,South,Books,Textbook,5,1170,10,5265
ORD-2025-0740,2025-06-03,South,Apparel,Jacket,9,1891,0,17019
ORD-2025-0634,2025-06-04,North,Books,Novel,6,1371,10,7403
ORD-2025-0480,2025-06-04,West,Books,Novel,5,1235,0,6175
ORD-2025-0610,2025-06-04,West,Books,Novel,5,1619,20,6476
ORD-2025-0276,2025-06-04,East,Home,Vacuum,7,7783,0,54481
ORD-2025-0547,2025-06-05,East,Apparel,T-Shirt,4,6009,0,24036
ORD-2025-0250,2025-06-05,South,Apparel,Jacket,7,5367,0,37569
ORD-2025-0187,2025-06-06,South,Books,Comic,5,2153,5,10227
ORD-2025-0286,2025-06-06,South,Electronics,Smartwatch,6,21920,10,118368
ORD-2025-0471,2025-06-06,South,Electronics,Smartwatch,3,14613,10,39455
ORD-2025-0792,2025-06-06,East,Books,Textbook,4,1111,10,4000
ORD-2025-0400,2025-06-08,South,Books,Novel,9,809,0,7281
ORD-2025-0526,2025-06-08,North,Sports,Tent,6,3387,0,20322
ORD-2025-0317,2025-06-08,South,Electronics,Smartwatch,3,14641,5,41727
ORD-2025-0709,2025-06-09,West,Electronics,Smartwatch,6,21372,15,108997
ORD-2025-0220,2025-06-09,West,Home,Lamp,10,7727,5,73406
ORD-2025-0307,2025-06-09,East,Sports,Yoga Mat,4,2642,10,9511
ORD-2025-0378,2025-06-10,West,Sports,Tent,2,11137,0,22274
ORD-2025-0177,2025-06-10,South,Apparel,Jacket,4,2299,10,8276
ORD-2025-0047,2025-06-10,West,Books,Cookbook,2,861,0,1722
ORD-2025-0315,2025-06-10,East,Home,Bedding,6,7839,0,47034
ORD-2025-0676,2025-06-12,East,Books,Novel,7,2405,0,16835
ORD-2025-0288,2025-06-12,East,Sports,Tent,4,7647,5,29059
ORD-2025-0119,2025-06-12,North,Home,Bedding,7,14313,0,100191
ORD-2025-0094,2025-06-12,East,Home,Bedding,8,6697,15,45540
ORD-2025-0097,2025-06-14,West,Home,Cookware Set,4,1801,10,6484
ORD-2025-0477,2025-06-14,East,Home,Vacuum,1,2177,5,2068
ORD-2025-0249,2025-06-15,West,Books,Novel,5,688,5,3268
ORD-2025-0651,2025-06-15,West,Books,Novel,5,1104,5,5244
ORD-2025-0533,2025-06-15,North,Apparel,Jeans,4,2470,5,9386
ORD-2025-0248,2025-06-16,West,Apparel,Sneakers,6,1149,5,6549
ORD-2025-0072,2025-06-16,North,Apparel,T-Shirt,2,5937,0,11874
ORD-2025-0385,2025-06-18,West,Books,Cookbook,6,1853,0,11118
ORD-2025-0626,2025-06-18,East,Sports,Bicycle,2,6322,15,10747
ORD-2025-0584,2025-06-19,West,Books,Novel,10,1641,10,14769
ORD-2025-0486,2025-06-19,North,Electronics,Laptop,3,32302,10,87215
ORD-2025-0680,2025-06-19,South,Electronics,Laptop,8,6634,5,50418
ORD-2025-0373,2025-06-20,North,Books,Textbook,4,1118,0,4472
ORD-2025-0366,2025-06-21,East,Home,Bedding,10,8233,0,82330
ORD-2025-0070,2025-06-21,North,Sports,Bicycle,9,4018,0,36162
ORD-2025-0124,2025-06-21,South,Books,Cookbook,3,1474,0,4422
ORD-2025-0041,2025-06-21,South,Home,Bedding,10,4385,15,37272
ORD-2025-0002,2025-06-21,East,Sports,Bicycle,9,2977,5,25453
ORD-2025-0499,2025-06-22,West,Home,Lamp,9,5697,5,48709
ORD-2025-0748,2025-06-22,West,Home,Vacuum,1,5528,0,5528
ORD-2025-0011,2025-06-22,East,Sports,Tent,10,4659,20,37272
ORD-2025-0314,2025-06-22,East,Electronics,Camera,10,11874,5,112803
ORD-2025-0149,2025-06-23,South,Electronics,Smartwatch,1,18779,5,17840
ORD-2025-0734,2025-06-24,North,Books,Textbook,5,1549,15,6583
ORD-2025-0481,2025-06-24,North,Books,Comic,5,1100,5,5225
ORD-2025-0550,2025-06-24,East,Sports,Dumbbell,9,7247,20,52178
ORD-2025-0034,2025-06-25,South,Electronics,Laptop,3,25883,0,77649
ORD-2025-0786,2025-06-25,West,Home,Lamp,9,5021,15,38411
ORD-2025-0312,2025-06-25,North,Apparel,Sneakers,1,1416,5,1345
ORD-2025-0687,2025-06-26,North,Electronics,Headphones,3,9975,0,29925
ORD-2025-0497,2025-06-27,East,Home,Lamp,8,3704,15,25187
ORD-2025-0522,2025-06-27,West,Apparel,Jeans,8,1867,0,14936
ORD-2025-0166,2025-06-27,South,Books,Textbook,10,1270,20,10160
ORD-2025-0232,2025-06-27,East,Books,Novel,6,1156,0,6936
ORD-2025-0569,2025-06-27,East,Sports,Tent,1,4770,5,4532
ORD-2025-0660,2025-06-28,South,Apparel,T-Shirt,9,1470,0,13230
ORD-2025-0670,2025-06-28,North,Books,Comic,8,1680,0,13440
ORD-2025-0183,2025-07-01,South,Sports,Yoga Mat,6,7256,0,43536
ORD-2025-0396,2025-07-01,West,Home,Lamp,1,4347,0,4347
ORD-2025-0729,2025-07-01,East,Books,Textbook,9,1311,10,10619
ORD-2025-0678,2025-07-02,West,Home,Lamp,6,5178,5,29515
ORD-2025-0289,2025-07-02,East,Apparel,Jacket,7,1566,10,9866
ORD-2025-0438,2025-07-02,West,Apparel,Sneakers,6,2756,0,16536
ORD-2025-0721,2025-07-03,East,Sports,Bicycle,7,2754,0,19278
ORD-2025-0090,2025-07-03,South,Electronics,Smartwatch,3,11684,15,29794
ORD-2025-0138,2025-07-03,South,Electronics,Camera,5,10179,15,43261
ORD-2025-0311,2025-07-03,North,Sports,Tent,7,1697,5,11285
ORD-2025-0328,2025-07-04,North,Electronics,Smartwatch,3,9083,15,23162
ORD-2025-0010,2025-07-04,North,Home,Cookware Set,9,6623,0,59607
ORD-2025-0504,2025-07-04,East,Sports,Dumbbell,6,9829,20,47179
ORD-2025-0648,2025-07-05,West,Home,Lamp,4,2671,10,9616
ORD-2025-0622,2025-07-05,North,Electronics,Smartwatch,1,18001,5,17101
ORD-2025-0730,2025-07-05,West,Books,Cookbook,9,1955,0,17595
ORD-2025-0760,2025-07-06,West,Home,Cookware Set,3,6436,5,18343
ORD-2025-0145,2025-07-06,West,Apparel,Sneakers,6,2121,10,11453
ORD-2025-0304,2025-07-07,West,Home,Vacuum,9,1358,0,12222
ORD-2025-0306,2025-07-07,South,Sports,Tent,2,11942,5,22690
ORD-2025-0582,2025-07-07,North,Home,Lamp,8,6779,0,54232
ORD-2025-0500,2025-07-07,North,Books,Cookbook,5,1399,20,5596
ORD-2025-0509,2025-07-08,North,Apparel,Jacket,7,3955,15,23532
ORD-2025-0399,2025-07-08,East,Home,Bedding,3,5710,10,15417
ORD-2025-0746,2025-07-08,East,Books,Comic,1,1228,5,1167
ORD-2025-0560,2025-07-10,South,Apparel,Jacket,5,2994,10,13473
ORD-2025-0551,2025-07-10,North,Apparel,Sneakers,3,2792,10,7538
ORD-2025-0111,2025-07-10,North,Apparel,Jeans,2,4060,15,6902
ORD-2025-0601,2025-07-11,West,Sports,Tent,7,8047,0,56329
ORD-2025-0148,2025-07-11,East,Electronics,Headphones,5,17457,5,82921
ORD-2025-0172,2025-07-11,West,Home,Cookware Set,1,6602,0,6602
ORD-2025-0624,2025-07-12,North,Electronics,Headphones,5,21508,10,96786
ORD-2025-0470,2025-07-12,North,Home,Cookware Set,8,8462,0,67696
ORD-2025-0088,2025-07-12,North,Home,Cookware Set,4,7415,0,29660
ORD-2025-0356,2025-07-12,West,Apparel,Jeans,7,2864,0,20048
ORD-2025-0035,2025-07-12,South,Apparel,Jacket,3,1911,0,5733
ORD-2025-0592,2025-07-12,East,Electronics,Laptop,7,18895,0,132265
ORD-2025-0203,2025-07-13,West,Electronics,Smartwatch,8,16703,0,133624
ORD-2025-0141,2025-07-13,South,Apparel,Sneakers,7,3797,0,26579
ORD-2025-0546,2025-07-13,North,Sports,Dumbbell,7,3839,0,26873
ORD-2025-0324,2025-07-13,South,Electronics,Laptop,10,9031,0,90310
ORD-2025-0253,2025-07-13,West,Apparel,Jacket,2,3309,0,6618
ORD-2025-0754,2025-07-14,West,Apparel,Jeans,9,2970,5,25394
ORD-2025-0710,2025-07-15,North,Sports,Dumbbell,4,17675,0,70700
ORD-2025-0537,2025-07-16,West,Home,Vacuum,7,1979,0,13853
ORD-2025-0322,2025-07-16,East,Home,Vacuum,9,2755,0,24795
ORD-2025-0745,2025-07-17,West,Electronics,Camera,5,16079,0,80395
ORD-2025-0027,2025-07-17,North,Apparel,Jacket,6,3487,0,20922
ORD-2025-0062,2025-07-18,North,Apparel,Jeans,6,3638,0,21828
ORD-2025-0038,2025-07-18,East,Sports,Dumbbell,4,13208,15,44907
ORD-2025-0558,2025-07-18,South,Apparel,Jacket,9,4566,5,39039
ORD-2025-0093,2025-07-19,West,Home,Lamp,10,4750,10,42750
ORD-2025-0472,2025-07-19,West,Electronics,Laptop,10,11015,10,99135
ORD-2025-0359,2025-07-19,South,Electronics,Camera,9,14748,5,126095
ORD-2025-0581,2025-07-20,East,Electronics,Headphones,7,21514,10,135538
ORD-2025-0142,2025-07-21,West,Home,Vacuum,8,8297,0,66376
ORD-2025-0303,2025-07-21,North,Home,Cookware Set,9,3725,15,28496
ORD-2025-0458,2025-07-21,West,Sports,Bicycle,9,9934,0,89406
ORD-2025-0487,2025-07-21,West,Electronics,Laptop,8,6083,10,43798
ORD-2025-0126,2025-07-22,South,Books,Cookbook,1,1212,0,1212
ORD-2025-0576,2025-07-22,South,Electronics,Laptop,7,10752,0,75264
ORD-2025-0222,2025-07-22,South,Books,Novel,3,1494,5,4258
ORD-2025-0384,2025-07-22,West,Home,Cookware Set,6,4294,5,24476
ORD-2025-0684,2025-07-23,North,Apparel,Jacket,10,2918,0,29180
ORD-2025-0696,2025-07-23,West,Sports,Yoga Mat,9,10849,15,82995
ORD-2025-0244,2025-07-24,South,Home,Vacuum,2,13591,15,23105
ORD-2025-0057,2025-07-24,West,Electronics,Headphones,4,23419,5,88992
ORD-2025-0505,2025-07-25,East,Sports,Tent,5,4974,0,24870
ORD-2025-0783,2025-07-26,East,Books,Textbook,6,1480,0,8880
ORD-2025-0278,2025-07-26,West,Apparel,T-Shirt,7,4087,0,28609
ORD-2025-0237,2025-07-27,South,Home,Cookware Set,10,8480,0,84800
ORD-2025-0210,2025-07-27,West,Apparel,Sneakers,9,2736,5,23393
ORD-2025-0573,2025-07-28,East,Apparel,Jacket,5,5946,10,26757
ORD-2025-0355,2025-07-28,West,Apparel,Jacket,1,2939,0,2939
ORD-2025-0107,2025-07-28,South,Home,Lamp,6,4911,0,29466
ORD-2025-0144,2025-08-01,South,Books,Novel,6,1073,0,6438
ORD-2025-0659,2025-08-01,South,Home,Lamp,5,1130,10,5085
ORD-2025-0349,2025-08-01,South,Home,Cookware Set,9,2825,0,25425
ORD-2025-0490,2025-08-01,North,Electronics,Laptop,8,24290,0,194320
ORD-2025-0344,2025-08-01,West,Books,Cookbook,10,1174,0,11740
ORD-2025-0773,2025-08-02,South,Electronics,Camera,3,15098,5,43029
ORD-2025-0121,2025-08-03,South,Electronics,Headphones,5,9903,0,49515
ORD-2025-0706,2025-08-03,South,Books,Cookbook,5,1237,0,6185
ORD-2025-0130,2025-08-03,East,Sports,Yoga Mat,7,8676,0,60732
ORD-2025-0234,2025-08-03,East,Home,Bedding,9,3578,5,30592
ORD-2025-0717,2025-08-03,East,Electronics,Headphones,2,31276,0,62552
ORD-2025-0353,2025-08-03,East,Sports,Tent,8,13471,0,107768
ORD-2025-0425,2025-08-03,East,Sports,Dumbbell,5,6340,0,31700
ORD-2025-0675,2025-08-05,East,Books,Textbook,6,1416,0,8496
ORD-2025-0336,2025-08-05,North,Electronics,Smartwatch,5,12025,20,48100
ORD-2025-0063,2025-08-06,South,Books,Novel,5,956,5,4541
ORD-2025-0360,2025-08-06,South,Apparel,Sneakers,1,4130,0,4130
ORD-2025-0594,2025-08-07,West,Books,Textbook,2,1435,5,2726
ORD-2025-0629,2025-08-09,North,Books,Comic,3,1048,10,2830
ORD-2025-0489,2025-08-09,North,Sports,Tent,1,4862,5,4619
ORD-2025-0672,2025-08-09,South,Electronics,Laptop,5,4196,0,20980
ORD-2025-0393,2025-08-09,East,Sports,Bicycle,1,6906,0,6906
ORD-2025-0483,2025-08-10,East,Home,Cookware Set,4,3526,0,14104
ORD-2025-0690,2025-08-12,South,Sports,Bicycle,9,5193,5,44400
ORD-2025-0247,2025-08-12,East,Home,Lamp,7,4473,0,31311
ORD-2025-0154,2025-08-12,North,Books,Cookbook,5,992,10,4464
ORD-2025-0784,2025-08-12,North,Books,Cookbook,7,1416,5,9416
ORD-2025-0066,2025-08-12,North,Books,Textbook,5,3157,0,15785
ORD-2025-0478,2025-08-13,West,Books,Novel,8,1180,5,8968
ORD-2025-0698,2025-08-14,South,Electronics,Headphones,4,14335,15,48739
ORD-2025-0578,2025-08-14,West,Sports,Dumbbell,3,4159,0,12477
ORD-2025-0354,2025-08-14,East,Books,Novel,2,1028,0,2056
ORD-2025-0448,2025-08-15,South,Books,Textbook,9,2124,15,16249
ORD-2025-0165,2025-08-17,South,Electronics,Laptop,9,11274,15,86246
ORD-2025-0465,2025-08-17,North,Apparel,T-Shirt,1,5745,15,4883
ORD-2025-0524,2025-08-18,East,Sports,Bicycle,9,4311,5,36859
ORD-2025-0285,2025-08-18,East,Apparel,Sneakers,9,2672,5,22846
ORD-2025-0381,2025-08-19,South,Sports,Bicycle,10,4881,0,48810
ORD-2025-0212,2025-08-19,West,Sports,Dumbbell,5,6689,0,33445
ORD-2025-0450,2025-08-19,South,Books,Novel,4,1279,0,5116
ORD-2025-0133,2025-08-20,West,Home,Cookware Set,2,2912,10,5242
ORD-2025-0611,2025-08-20,South,Home,Vacuum,7,20533,0,143731
ORD-2025-0260,2025-08-21,North,Home,Lamp,1,1592,10,1433
ORD-2025-0114,2025-08-21,West,Home,Lamp,6,4600,0,27600
ORD-2025-0245,2025-08-21,South,Sports,Dumbbell,2,6699,0,13398
ORD-2025-0496,2025-08-22,East,Books,Cookbook,4,983,5,3735
ORD-2025-0067,2025-08-22,South,Books,Cookbook,7,1361,20,7622
ORD-2025-0559,2025-08-23,East,Electronics,Camera,10,15479,15,131572
ORD-2025-0017,2025-08-23,East,Electronics,Headphones,4,16080,0,64320
ORD-2025-0777,2025-08-24,East,Books,Novel,3,1929,10,5208
ORD-2025-0772,2025-08-24,West,Sports,Yoga Mat,2,9194,5,17469
ORD-2025-0790,2025-08-25,West,Apparel,Jeans,7,3895,0,27265
ORD-2025-0135,2025-08-25,West,Electronics,Headphones,1,19940,0,19940
ORD-2025-0542,2025-08-25,West,Home,Vacuum,1,6877,15,5845
ORD-2025-0058,2025-08-25,West,Electronics,Headphones,5,20538,0,102690
ORD-2025-0461,2025-08-26,North,Apparel,Jeans,9,3772,0,33948
ORD-2025-0079,2025-08-26,North,Sports,Bicycle,1,2021,0,2021
ORD-2025-0351,2025-08-26,North,Apparel,T-Shirt,9,3244,0,29196
ORD-2025-0274,2025-08-27,North,Sports,Bicycle,5,6906,15,29350
ORD-2025-0570,2025-08-28,East,Home,Cookware Set,6,7222,0,43332
ORD-2025-0197,2025-08-28,East,Apparel,T-Shirt,8,2916,0,23328
ORD-2025-0228,2025-08-28,North,Sports,Tent,4,9725,0,38900
ORD-2025-0712,2025-09-02,West,Sports,Tent,9,5764,0,51876
ORD-2025-0251,2025-09-03,West,Apparel,T-Shirt,9,4446,0,40014
ORD-2025-0326,2025-09-04,East,Home,Vacuum,6,4168,0,25008
ORD-2025-0030,2025-09-04,South,Sports,Tent,2,16433,0,32866
ORD-2025-0308,2025-09-05,South,Sports,Yoga Mat,6,9461,0,56766
ORD-2025-0770,2025-09-05,East,Books,Cookbook,1,988,0,988
ORD-2025-0600,2025-09-05,East,Electronics,Camera,6,11116,0,66696
ORD-2025-0649,2025-09-05,North,Books,Textbook,7,1079,10,6798
ORD-2025-0329,2025-09-06,East,Electronics,Camera,6,22241,0,133446
ORD-2025-0653,2025-09-07,West,Electronics,Laptop,10,22034,15,187289
ORD-2025-0699,2025-09-07,North,Home,Vacuum,2,3489,0,6978
ORD-2025-0637,2025-09-07,West,Electronics,Laptop,3,24603,5,70119
ORD-2025-0186,2025-09-07,East,Home,Lamp,7,2595,5,17257
ORD-2025-0211,2025-09-07,West,Electronics,Smartwatch,10,11758,5,111701
ORD-2025-0479,2025-09-08,West,Apparel,Sneakers,3,2541,15,6480
ORD-2025-0040,2025-09-08,North,Electronics,Headphones,9,32699,0,294291
ORD-2025-0586,2025-09-09,East,Apparel,Jacket,10,2845,0,28450
ORD-2025-0156,2025-09-09,North,Apparel,T-Shirt,5,2839,10,12776
ORD-2025-0223,2025-09-09,North,Books,Novel,7,2652,5,17636
ORD-2025-0421,2025-09-09,East,Sports,Tent,2,5201,10,9362
ORD-2025-0755,2025-09-09,North,Apparel,Jacket,4,1802,0,7208
ORD-2025-0300,2025-09-10,North,Apparel,T-Shirt,9,3336,0,30024
ORD-2025-0492,2025-09-10,East,Books,Comic,7,1397,10,8801
ORD-2025-0412,2025-09-12,South,Books,Textbook,1,778,5,739
ORD-2025-0534,2025-09-12,South,Sports,Yoga Mat,8,4997,5,37977
ORD-2025-0275,2025-09-12,West,Home,Bedding,6,9321,5,53130
ORD-2025-0460,2025-09-12,South,Apparel,Jacket,7,3888,0,27216
ORD-2025-0078,2025-09-12,North,Home,Bedding,1,3748,0,3748
ORD-2025-0440,2025-09-13,West,Books,Novel,3,812,20,1949
ORD-2025-0368,2025-09-14,West,Electronics,Laptop,9,24449,20,176033
ORD-2025-0208,2025-09-14,South,Books,Textbook,7,1546,15,9199
ORD-2025-0411,2025-09-14,East,Apparel,Jacket,7,3554,0,24878
ORD-2025-0318,2025-09-14,East,Sports,Bicycle,10,13508,5,128326
ORD-2025-0120,2025-09-15,West,Electronics,Headphones,7,12222,0,85554
ORD-2025-0391,2025-09-15,West,Electronics,Camera,5,6562,0,32810
ORD-2025-0065,2025-09-15,South,Apparel,T-Shirt,10,4739,0,47390
ORD-2025-0054,2025-09-17,South,Home,Cookware Set,9,6428,10,52067
ORD-2025-0158,2025-09-18,West,Sports,Dumbbell,1,7147,10,6432
ORD-2025-0061,2025-09-18,South,Apparel,Jacket,6,3882,0,23292
ORD-2025-0229,2025-09-18,East,Books,Novel,2,2898,0,5796
ORD-2025-0394,2025-09-18,East,Apparel,Jeans,8,3509,5,26668
ORD-2025-0013,2025-09-19,West,Home,Lamp,5,2275,0,11375
ORD-2025-0096,2025-09-20,North,Books,Comic,10,1739,10,15651
ORD-2025-0685,2025-09-20,South,Electronics,Smartwatch,9,11026,0,99234
ORD-2025-0645,2025-09-20,North,Sports,Yoga Mat,5,6494,5,30846
ORD-2025-0531,2025-09-21,North,Books,Textbook,3,1819,5,5184
ORD-2025-0467,2025-09-21,South,Apparel,T-Shirt,2,7763,5,14750
ORD-2025-0122,2025-09-21,North,Electronics,Smartwatch,1,12385,15,10527
ORD-2025-0612,2025-09-22,East,Apparel,T-Shirt,2,1931,10,3476
ORD-2025-0493,2025-09-23,South,Electronics,Smartwatch,4,13097,5,49769
ORD-2025-0365,2025-09-23,North,Books,Comic,5,1136,0,5680
ORD-2025-0719,2025-09-24,North,Electronics,Headphones,1,13559,10,12203
ORD-2025-0333,2025-09-24,West,Electronics,Headphones,10,11299,10,101691
ORD-2025-0598,2025-09-25,South,Electronics,Smartwatch,8,21288,20,136243
ORD-2025-0498,2025-09-25,East,Apparel,Jeans,10,5217,0,52170
ORD-2025-0564,2025-09-26,North,Books,Textbook,1,1058,15,899
ORD-2025-0566,2025-09-26,East,Apparel,T-Shirt,7,3906,0,27342
ORD-2025-0081,2025-09-27,East,Electronics,Smartwatch,2,11083,0,22166
ORD-2025-0565,2025-09-27,East,Apparel,Sneakers,7,4629,10,29163
ORD-2025-0020,2025-09-28,South,Apparel,Sneakers,5,2177,0,10885
ORD-2025-0049,2025-09-28,West,Electronics,Headphones,9,16362,5,139895
ORD-2025-0602,2025-10-01,East,Apparel,T-Shirt,9,4405,0,39645
ORD-2025-0201,2025-10-02,West,Sports,Yoga Mat,10,9108,5,86526
ORD-2025-0529,2025-10-02,North,Home,Lamp,2,6147,0,12294
ORD-2025-0383,2025-10-02,West,Home,Vacuum,6,6255,0,37530
ORD-2025-0331,2025-10-03,West,Home,Cookware Set,10,3537,20,28296
ORD-2025-0433,2025-10-03,South,Electronics,Camera,5,11250,0,56250
ORD-2025-0666,2025-10-03,East,Books,Textbook,6,1434,15,7313
ORD-2025-0216,2025-10-04,East,Apparel,Sneakers,6,1788,5,10192
ORD-2025-0102,2025-10-05,North,Home,Cookware Set,6,3443,15,17559
ORD-2025-0697,2025-10-05,North,Apparel,Jeans,3,5716,10,15433
ORD-2025-0007,2025-10-05,South,Sports,Yoga Mat,2,6923,5,13154
ORD-2025-0055,2025-10-05,West,Home,Lamp,7,7319,15,43548
ORD-2025-0432,2025-10-05,West,Apparel,Jeans,4,1386,5,5267
ORD-2025-0749,2025-10-06,West,Sports,Dumbbell,5,3559,0,17795
ORD-2025-0609,2025-10-07,East,Apparel,T-Shirt,10,1657,0,16570
ORD-2025-0641,2025-10-07,South,Sports,Bicycle,8,2982,15,20278
ORD-2025-0056,2025-10-07,South,Electronics,Camera,9,8984,0,80856
ORD-2025-0021,2025-10-08,South,Books,Novel,3,1422,0,4266
ORD-2025-0799,2025-10-08,West,Books,Comic,6,1189,5,6777
ORD-2025-0638,2025-10-08,North,Apparel,T-Shirt,4,2405,20,7696
ORD-2025-0597,2025-10-09,South,Books,Textbook,9,1594,0,14346
ORD-2025-0001,2025-10-09,North,Sports,Dumbbell,6,8553,0,51318
ORD-2025-0004,2025-10-09,East,Electronics,Camera,8,16029,5,121820
ORD-2025-0567,2025-10-09,North,Books,Comic,10,1240,0,12400
ORD-2025-0604,2025-10-10,West,Electronics,Laptop,2,29268,0,58536
ORD-2025-0453,2025-10-11,North,Apparel,Jacket,7,3090,0,21630
ORD-2025-0367,2025-10-11,South,Apparel,Jeans,1,3293,5,3128
ORD-2025-0616,2025-10-11,South,Electronics,Smartwatch,9,5874,0,52866
ORD-2025-0118,2025-10-11,East,Home,Lamp,2,7587,10,13657
ORD-2025-0087,2025-10-12,North,Electronics,Laptop,9,15982,5,136646
ORD-2025-0674,2025-10-13,West,Apparel,Sneakers,10,3687,10,33183
ORD-2025-0043,2025-10-13,North,Sports,Tent,8,6893,5,52387
ORD-2025-0617,2025-10-13,East,Apparel,T-Shirt,10,1940,15,16490
ORD-2025-0639,2025-10-14,South,Sports,Yoga Mat,4,5545,0,22180
ORD-2025-0189,2025-10-14,West,Home,Lamp,5,4361,10,19624
ORD-2025-0357,2025-10-15,West,Books,Comic,5,1383,0,6915
ORD-2025-0301,2025-10-15,West,Electronics,Headphones,6,9576,15,48838
ORD-2025-0466,2025-10-15,North,Apparel,Jeans,1,2427,5,2306
ORD-2025-0159,2025-10-16,North,Electronics,Headphones,2,9269,20,14830
ORD-2025-0518,2025-10-16,West,Home,Cookware Set,6,3319,10,17923
ORD-2025-0736,2025-10-16,North,Sports,Dumbbell,8,11068,20,70835
ORD-2025-0064,2025-10-16,East,Sports,Bicycle,3,7970,0,23910
ORD-2025-0025,2025-10-16,South,Books,Comic,4,1436,10,5170
ORD-2025-0338,2025-10-16,North,Electronics,Camera,3,10913,0,32739
ORD-2025-0160,2025-10-17,East,Apparel,Sneakers,10,1999,0,19990
ORD-2025-0031,2025-10-17,North,Sports,Tent,5,3893,0,19465
ORD-2025-0117,2025-10-19,East,Books,Cookbook,10,1520,10,13680
ORD-2025-0761,2025-10-19,North,Sports,Bicycle,3,3454,0,10362
ORD-2025-0180,2025-10-20,East,Home,Lamp,10,4642,0,46420
ORD-2025-0418,2025-10-21,West,Apparel,T-Shirt,9,2027,0,18243
ORD-2025-0800,2025-10-21,South,Apparel,Sneakers,7,3460,0,24220
ORD-2025-0443,2025-10-21,West,Sports,Dumbbell,1,3868,5,3675
ORD-2025-0299,2025-10-21,North,Electronics,Headphones,1,24103,0,24103
ORD-2025-0185,2025-10-21,South,Books,Comic,8,1549,0,12392
ORD-2025-0574,2025-10-22,West,Electronics,Laptop,9,5666,0,50994
ORD-2025-0380,2025-10-23,North,Electronics,Camera,7,13258,10,83525
ORD-2025-0256,2025-10-24,East,Sports,Yoga Mat,8,21671,0,173368
ORD-2025-0371,2025-10-24,East,Books,Novel,5,1492,0,7460
ORD-2025-0387,2025-10-24,South,Apparel,Jacket,5,3703,0,18515
ORD-2025-0549,2025-10-24,East,Sports,Tent,6,8812,5,50228
ORD-2025-0215,2025-10-25,North,Apparel,Sneakers,9,875,0,7875
ORD-2025-0491,2025-10-25,North,Apparel,Sneakers,1,1645,10,1480
ORD-2025-0106,2025-10-25,North,Home,Vacuum,8,5700,20,36480
ORD-2025-0092,2025-10-25,South,Apparel,Sneakers,2,3223,20,5157
ORD-2025-0501,2025-10-26,East,Electronics,Headphones,6,9595,10,51813
ORD-2025-0105,2025-10-26,North,Electronics,Smartwatch,7,17948,10,113072
ORD-2025-0689,2025-10-27,North,Electronics,Camera,4,46622,5,177164
ORD-2025-0621,2025-10-27,South,Electronics,Laptop,10,9744,10,87696
ORD-2025-0532,2025-10-28,East,Sports,Yoga Mat,7,9702,0,67914
ORD-2025-0779,2025-10-28,North,Apparel,Jacket,4,3344,10,12038
ORD-2025-0446,2025-10-28,South,Apparel,Sneakers,4,5785,0,23140
ORD-2025-0439,2025-10-28,North,Electronics,Camera,4,7590,10,27324
ORD-2025-0139,2025-11-01,East,Sports,Dumbbell,5,3388,0,16940
ORD-2025-0083,2025-11-01,North,Sports,Bicycle,3,5580,5,15903
ORD-2025-0632,2025-11-02,South,Home,Cookware Set,3,3194,0,9582
ORD-2025-0053,2025-11-02,North,Electronics,Laptop,3,15629,0,46887
ORD-2025-0042,2025-11-02,North,Home,Vacuum,6,3197,15,16305
ORD-2025-0280,2025-11-03,South,Books,Novel,4,1294,0,5176
ORD-2025-0242,2025-11-03,South,Electronics,Smartwatch,9,17733,5,151617
ORD-2025-0295,2025-11-04,West,Sports,Dumbbell,4,3041,0,12164
ORD-2025-0508,2025-11-04,West,Books,Comic,6,1295,10,6993
ORD-2025-0236,2025-11-04,North,Books,Textbook,3,2394,10,6464
ORD-2025-0406,2025-11-04,West,Electronics,Laptop,5,31103,5,147739
ORD-2025-0019,2025-11-04,South,Sports,Yoga Mat,2,4788,5,9097
ORD-2025-0607,2025-11-04,East,Electronics,Camera,8,15726,0,125808
ORD-2025-0045,2025-11-04,East,Books,Comic,8,1393,0,11144
ORD-2025-0346,2025-11-04,South,Books,Cookbook,1,1346,5,1279
ORD-2025-0495,2025-11-05,South,Home,Cookware Set,5,2345,0,11725
ORD-2025-0708,2025-11-05,South,Sports,Dumbbell,4,9230,10,33228
ORD-2025-0408,2025-11-05,South,Books,Comic,2,1995,5,3790
ORD-2025-0291,2025-11-06,East,Electronics,Headphones,6,14436,5,82285
ORD-2025-0198,2025-11-06,East,Sports,Yoga Mat,4,9729,5,36970
ORD-2025-0575,2025-11-07,North,Apparel,Jacket,7,1719,5,11431
ORD-2025-0715,2025-11-07,South,Books,Cookbook,8,1501,0,12008
ORD-2025-0194,2025-11-08,North,Electronics,Camera,2,23654,0,47308
ORD-2025-0506,2025-11-08,West,Apparel,Sneakers,5,3499,5,16620
ORD-2025-0073,2025-11-08,South,Books,Cookbook,9,1501,5,12834
ORD-2025-0252,2025-11-08,West,Electronics,Laptop,8,9405,0,75240
ORD-2025-0441,2025-11-09,South,Books,Textbook,8,1118,10,8050
ORD-2025-0238,2025-11-09,East,Books,Cookbook,6,1449,10,7825
ORD-2025-0046,2025-11-09,West,Sports,Bicycle,3,5245,0,15735
ORD-2025-0452,2025-11-09,South,Electronics,Camera,7,9814,0,68698
ORD-2025-0262,2025-11-09,West,Sports,Yoga Mat,2,3345,10,6021
ORD-2025-0655,2025-11-09,West,Apparel,Jacket,2,2632,0,5264
ORD-2025-0305,2025-11-10,North,Electronics,Camera,1,9410,5,8940
ORD-2025-0430,2025-11-10,North,Sports,Bicycle,6,3600,15,18360
ORD-2025-0707,2025-11-10,West,Books,Cookbook,3,741,10,2001
ORD-2025-0325,2025-11-11,West,Home,Cookware Set,7,7316,15,43530
ORD-2025-0257,2025-11-11,North,Books,Textbook,4,1835,20,5872
ORD-2025-0327,2025-11-11,North,Electronics,Smartwatch,6,19645,0,117870
ORD-2025-0345,2025-11-11,North,Electronics,Headphones,7,20557,0,143899
ORD-2025-0774,2025-11-12,South,Home,Cookware Set,3,6498,0,19494
ORD-2025-0563,2025-11-12,West,Apparel,Sneakers,4,2854,5,10845
ORD-2025-0540,2025-11-12,North,Sports,Tent,6,7475,5,42608
ORD-2025-0459,2025-11-12,East,Home,Lamp,1,3996,5,3796
ORD-2025-0403,2025-11-12,West,Electronics,Headphones,3,12210,15,31136
ORD-2025-0241,2025-11-12,North,Sports,Yoga Mat,8,6961,0,55688
ORD-2025-0426,2025-11-14,West,Books,Cookbook,3,1615,0,4845
ORD-2025-0214,2025-11-14,East,Electronics,Laptop,9,23253,0,209277
ORD-2025-0168,2025-11-14,East,Home,Vacuum,8,7634,0,61072
ORD-2025-0167,2025-11-15,West,Books,Novel,1,1606,0,1606
ORD-2025-0750,2025-11-15,North,Electronics,Smartwatch,10,22686,0,226860
ORD-2025-0713,2025-11-15,North,Electronics,Camera,5,11122,5,52830
ORD-2025-0358,2025-11-15,East,Home,Lamp,7,6795,5,45187
ORD-2025-0080,2025-11-15,North,Books,Novel,1,1238,15,1052
ORD-2025-0743,2025-11-16,South,Sports,Tent,3,9791,20,23498
ORD-2025-0397,2025-11-16,West,Home,Vacuum,1,3805,5,3615
ORD-2025-0008,2025-11-17,East,Sports,Tent,2,6119,5,11626
ORD-2025-0579,2025-11-18,South,Sports,Tent,6,4156,0,24936
ORD-2025-0246,2025-11-18,North,Books,Cookbook,2,1953,5,3711
ORD-2025-0434,2025-11-19,East,Books,Novel,4,2045,10,7362
ORD-2025-0512,2025-11-19,North,Sports,Dumbbell,9,5618,0,50562
ORD-2025-0642,2025-11-19,South,Apparel,T-Shirt,6,3705,0,22230
ORD-2025-0780,2025-11-19,North,Electronics,Smartwatch,7,21470,10,135261
ORD-2025-0014,2025-11-20,East,Sports,Tent,2,7982,5,15166
ORD-2025-0667,2025-11-20,West,Apparel,Sneakers,3,3530,0,10590
ORD-2025-0520,2025-11-20,South,Home,Lamp,5,4086,0,20430
ORD-2025-0572,2025-11-21,North,Home,Vacuum,5,2899,5,13770
ORD-2025-0279,2025-11-21,East,Apparel,Jeans,9,2710,0,24390
ORD-2025-0521,2025-11-22,South,Books,Cookbook,4,917,5,3485
ORD-2025-0606,2025-11-23,South,Sports,Yoga Mat,4,11940,5,45372
ORD-2025-0657,2025-11-23,West,Home,Bedding,3,8015,15,20438
ORD-2025-0646,2025-11-24,West,Apparel,T-Shirt,3,6489,0,19467
ORD-2025-0003,2025-11-24,East,Books,Textbook,1,1123,10,1011
ORD-2025-0298,2025-11-25,South,Apparel,Sneakers,5,3772,5,17917
ORD-2025-0116,2025-11-25,West,Sports,Tent,4,16371,0,65484
ORD-2025-0704,2025-11-25,South,Electronics,Laptop,4,20824,0,83296
ORD-2025-0640,2025-11-25,North,Sports,Tent,9,9617,20,69242
ORD-2025-0343,2025-11-25,East,Electronics,Smartwatch,3,10026,0,30078
ORD-2025-0627,2025-11-25,North,Home,Cookware Set,7,4773,0,33411
ORD-2025-0390,2025-11-26,West,Sports,Bicycle,3,9162,0,27486
ORD-2025-0151,2025-11-27,East,Electronics,Camera,4,12250,20,39200
ORD-2025-0543,2025-11-27,West,Sports,Bicycle,10,2420,0,24200
ORD-2025-0787,2025-11-27,West,Home,Lamp,10,4353,0,43530
ORD-2025-0789,2025-11-27,North,Apparel,Jeans,6,3456,0,20736
ORD-2025-0428,2025-11-27,West,Home,Bedding,1,5625,0,5625
ORD-2025-0334,2025-11-27,North,Sports,Bicycle,10,4440,0,44400
ORD-2025-0776,2025-11-28,East,Books,Textbook,2,1050,0,2100
ORD-2025-0630,2025-11-28,West,Electronics,Camera,8,18230,0,145840
ORD-2025-0024,2025-12-01,West,Books,Textbook,6,1506,0,9036
ORD-2025-0623,2025-12-01,South,Apparel,T-Shirt,1,4262,5,4049
ORD-2025-0181,2025-12-02,South,Sports,Tent,9,3134,0,28206
ORD-2025-0603,2025-12-02,West,Sports,Dumbbell,9,11108,0,99972
ORD-2025-0714,2025-12-02,West,Apparel,Sneakers,3,2316,10,6253
ORD-2025-0402,2025-12-02,South,Books,Comic,4,717,0,2868
ORD-2025-0577,2025-12-03,South,Apparel,Jacket,5,2519,15,10706
ORD-2025-0614,2025-12-04,East,Apparel,T-Shirt,2,5496,0,10992
ORD-2025-0219,2025-12-04,East,Electronics,Smartwatch,1,14864,0,14864
ORD-2025-0370,2025-12-05,West,Home,Cookware Set,9,7042,20,50702
ORD-2025-0463,2025-12-05,West,Sports,Tent,7,3366,0,23562
ORD-2025-0347,2025-12-05,North,Apparel,Sneakers,3,2507,0,7521
ORD-2025-0012,2025-12-05,North,Home,Lamp,7,4686,5,31162
ORD-2025-0178,2025-12-05,South,Apparel,T-Shirt,1,1645,0,1645
ORD-2025-0503,2025-12-05,West,Home,Lamp,8,6753,0,54024
ORD-2025-0104,2025-12-06,North,Home,Lamp,7,2984,10,18799
ORD-2025-0785,2025-12-06,East,Sports,Dumbbell,1,7137,5,6780
ORD-2025-0110,2025-12-06,North,Sports,Dumbbell,9,5732,15,43850
ORD-2025-0677,2025-12-06,North,Books,Novel,5,1328,5,6308
ORD-2025-0340,2025-12-06,South,Sports,Yoga Mat,2,2894,0,5788
ORD-2025-0170,2025-12-06,West,Electronics,Camera,1,18376,0,18376
ORD-2025-0388,2025-12-06,North,Books,Textbook,3,1441,0,4323
ORD-2025-0758,2025-12-07,West,Books,Novel,5,1435,15,6099
ORD-2025-0711,2025-12-08,East,Home,Cookware Set,2,3603,15,6125
ORD-2025-0101,2025-12-08,East,Books,Novel,4,1232,5,4682
ORD-2025-0342,2025-12-08,North,Apparel,Jeans,7,1853,5,12322
ORD-2025-0179,2025-12-09,West,Sports,Tent,2,3699,0,7398
ORD-2025-0673,2025-12-09,North,Sports,Tent,6,3265,5,18610
ORD-2025-0527,2025-12-09,East,Electronics,Smartwatch,6,50469,5,287673
ORD-2025-0182,2025-12-10,South,Books,Comic,10,1437,0,14370
ORD-2025-0692,2025-12-10,South,Sports,Yoga Mat,9,6184,0,55656
ORD-2025-0591,2025-12-11,South,Electronics,Headphones,10,8975,0,89750
ORD-2025-0321,2025-12-12,East,Sports,Bicycle,2,4811,0,9622
ORD-2025-0162,2025-12-12,South,Books,Textbook,4,767,15,2608
ORD-2025-0625,2025-12-12,South,Apparel,Jacket,1,2979,0,2979
ORD-2025-0235,2025-12-12,North,Home,Bedding,9,3475,0,31275
ORD-2025-0174,2025-12-12,South,Apparel,Jeans,1,6071,5,5767
ORD-2025-0605,2025-12-13,East,Electronics,Smartwatch,6,9789,15,49924
ORD-2025-0447,2025-12-13,West,Books,Novel,2,1091,5,2073
ORD-2025-0143,2025-12-13,West,Electronics,Smartwatch,8,6282,0,50256
ORD-2025-0782,2025-12-13,North,Electronics,Laptop,4,9778,0,39112
ORD-2025-0420,2025-12-13,East,Electronics,Laptop,6,8995,0,53970
ORD-2025-0202,2025-12-14,North,Sports,Dumbbell,5,3007,5,14283
ORD-2025-0320,2025-12-15,North,Sports,Yoga Mat,3,3264,0,9792
ORD-2025-0137,2025-12-15,South,Apparel,Jacket,2,3909,0,7818
ORD-2025-0652,2025-12-16,North,Electronics,Camera,5,10529,10,47380
ORD-2025-0431,2025-12-16,West,Apparel,Jeans,10,3343,5,31758
ORD-2025-0554,2025-12-16,South,Home,Vacuum,8,3527,10,25394
ORD-2025-0599,2025-12-16,South,Electronics,Headphones,6,8755,5,49904
ORD-2025-0233,2025-12-17,West,Home,Lamp,6,1117,0,6702
ORD-2025-0613,2025-12-17,North,Books,Cookbook,10,1561,10,14049
ORD-2025-0191,2025-12-17,North,Home,Cookware Set,2,3818,0,7636
ORD-2025-0297,2025-12-17,North,Electronics,Headphones,4,10699,5,40656
ORD-2025-0410,2025-12-18,North,Books,Novel,6,1010,5,5757
ORD-2025-0631,2025-12-18,East,Sports,Tent,7,3899,0,27293
ORD-2025-0382,2025-12-18,West,Books,Comic,2,780,15,1326
ORD-2025-0585,2025-12-18,East,Sports,Dumbbell,3,5457,10,14734
ORD-2025-0544,2025-12-18,North,Apparel,Jeans,9,2408,5,20588
ORD-2025-0528,2025-12-18,South,Apparel,Jeans,7,5202,0,36414
ORD-2025-0724,2025-12-19,East,Apparel,Jeans,5,3747,10,16862
ORD-2025-0502,2025-12-19,West,Home,Lamp,5,6827,15,29015
ORD-2025-0541,2025-12-20,East,Home,Bedding,10,6471,0,64710
ORD-2025-0668,2025-12-21,East,Sports,Tent,3,7809,20,18742
ORD-2025-0457,2025-12-21,East,Apparel,Sneakers,10,3925,5,37288
ORD-2025-0695,2025-12-21,West,Books,Comic,6,1432,5,8162
ORD-2025-0765,2025-12-22,North,Electronics,Laptop,10,9976,15,84796
ORD-2025-0720,2025-12-22,West,Books,Novel,8,1345,0,10760
ORD-2025-0688,2025-12-23,North,Electronics,Headphones,10,13870,15,117895
ORD-2025-0405,2025-12-23,North,Sports,Dumbbell,2,11131,15,18923
ORD-2025-0386,2025-12-23,North,Home,Vacuum,1,3391,5,3221
ORD-2025-0361,2025-12-24,North,Electronics,Headphones,6,21655,0,129930
ORD-2025-0265,2025-12-24,North,Home,Vacuum,1,6160,0,6160
ORD-2025-0296,2025-12-24,South,Apparel,Sneakers,2,2498,5,4746
ORD-2025-0152,2025-12-25,South,Sports,Yoga Mat,8,15687,5,119221
ORD-2025-0224,2025-12-25,West,Home,Bedding,1,7226,20,5781
ORD-2025-0006,2025-12-25,West,Books,Textbook,7,1248,15,7426
ORD-2025-0293,2025-12-25,West,Home,Vacuum,4,1939,0,7756
ORD-2025-0032,2025-12-26,East,Home,Cookware Set,10,5525,0,55250
ORD-2025-0132,2025-12-26,West,Sports,Yoga Mat,7,5262,5,34992
ORD-2025-0226,2025-12-26,East,Sports,Yoga Mat,3,9612,10,25952
ORD-2025-0414,2025-12-26,West,Electronics,Headphones,9,20332,0,182988
ORD-2025-0468,2025-12-26,North,Electronics,Camera,10,8702,0,87020
ORD-2025-0023,2025-12-26,North,Books,Comic,2,891,0,1782
ORD-2025-0100,2025-12-27,West,Sports,Bicycle,10,3801,5,36110
ORD-2025-0377,2025-12-27,East,Books,Cookbook,8,1344,5,10214
ORD-2025-0662,2025-12-28,South,Books,Novel,6,1069,5,6093
